bs-algor-eletronica,/mnt/Projects/A/algor-eletronica
bs-circolo-tennis,/mnt/Projects/C/circolo-tennis
bs-sicureco-veneto,/mnt/Projects/S/sicureco-veneto
bs-manitoba,/mnt/Projects/M/manitoba
ag-casagratis,/mnt/Projects/C/casagratis
ag-tsp,/mnt/Projects/T/tsp-srl
bs-dolomiti-di-brenta,/mnt/Projects/D/dolomiti-di-brenta
bs-wrap-studio,/mnt/Projects/W/wrap-studio
bs-rewind-telecomunicazioni,/mnt/Projects/R/rewindtelecomunicazioni
ar-storm,/mnt/Projects/S/storm
bs-elleffe,/mnt/Projects/E/elleffe
ag-cairepro,/mnt/Projects/C/caire-pro
bs-borgoluce-2,/mnt/Projects/B/borgoluce.it
ar-hydra,/mnt/Projects/H/hydra-valves
bs-igecos,/mnt/Projects/I/igecos
bs-elmarx-srl,/mnt/Projects/E/elmarx-srl
